"position","lowerbound","upperbound","response frequency"
"1","0.07","0.14","0.1"
"2","0.06","0.12","0.08"
"3","0.05","0.11","0.07"
"4","0.05","0.11","0.08"
"5","0.05","0.09","0.06"
"6","0.04","0.08","0.06"
"7","0.05","0.09","0.07"
"8","0.05","0.09","0.07"
"9","0.1","0.14","0.12"
"10","0.1","0.14","0.12"
"11","0.09","0.13","0.11"
"12","0.09","0.13","0.11"
"13","0.1","0.14","0.12"
"14","0.11","0.15","0.13"
"15","0.08","0.11","0.09"
"16","0.09","0.12","0.11"
"17","0.08","0.11","0.1"
"18","0.1","0.13","0.11"
"19","0.08","0.11","0.09"
"20","0.09","0.12","0.1"
"21","0.07","0.1","0.08"
"22","0.07","0.1","0.08"
"23","0.07","0.1","0.08"
"24","0.07","0.1","0.08"
"25","0.06","0.08","0.07"
"26","0.08","0.1","0.09"
"27","0.07","0.09","0.08"
"28","0.07","0.1","0.08"
"29","0.07","0.09","0.08"
"30","0.07","0.09","0.08"
"31","0.07","0.09","0.08"
"32","0.07","0.1","0.08"
"33","0.07","0.09","0.08"
"34","0.09","0.12","0.11"
"35","0.09","0.12","0.11"
"36","0.1","0.13","0.11"
"37","0.1","0.13","0.11"
"38","0.1","0.13","0.11"
"39","0.08","0.1","0.09"
"40","0.08","0.11","0.09"
"41","0.07","0.1","0.08"
"42","0.07","0.1","0.08"
"43","0.07","0.1","0.09"
"44","0.07","0.1","0.08"
"45","0.07","0.1","0.08"
"46","0.06","0.09","0.08"
"47","0.07","0.09","0.08"
"48","0.07","0.09","0.08"
"49","0.06","0.09","0.08"
"50","0.06","0.09","0.08"
"51","0.06","0.09","0.07"
"52","0.06","0.09","0.08"
"53","0.06","0.08","0.07"
"54","0.06","0.08","0.07"
"55","0.05","0.07","0.06"
"56","0.05","0.08","0.06"
"57","0.05","0.07","0.06"
"58","0.05","0.08","0.06"
"59","0.08","0.11","0.1"
"60","0.08","0.11","0.1"
"61","0.08","0.11","0.09"
"62","0.08","0.11","0.09"
"63","0.08","0.11","0.09"
"64","0.06","0.08","0.07"
"65","0.05","0.08","0.06"
"66","0.06","0.08","0.07"
"67","0.06","0.08","0.07"
"68","0.06","0.09","0.07"
"69","0.06","0.08","0.07"
"70","0.06","0.09","0.08"
"71","0.08","0.11","0.1"
"72","0.06","0.09","0.08"
"73","0.06","0.09","0.07"
"74","0.06","0.09","0.07"
"75","0.06","0.09","0.08"
"76","0.07","0.1","0.09"
"77","0.07","0.1","0.09"
"78","0.07","0.1","0.08"
"79","0.07","0.1","0.09"
"80","0.12","0.16","0.14"
"81","0.07","0.1","0.09"
"82","0.08","0.1","0.09"
"83","0.08","0.11","0.09"
"84","0.11","0.14","0.13"
"85","0.11","0.14","0.12"
"86","0.11","0.14","0.13"
"87","0.11","0.15","0.13"
"88","0.11","0.15","0.13"
"89","0.07","0.1","0.09"
"90","0.07","0.1","0.09"
"91","0.07","0.1","0.08"
"92","0.08","0.11","0.09"
"93","0.07","0.1","0.09"
"94","0.06","0.09","0.08"
"95","0.06","0.09","0.07"
"96","0.06","0.09","0.08"
"97","0.09","0.12","0.11"
"98","0.09","0.12","0.11"
"99","0.06","0.09","0.07"
"100","0.05","0.08","0.07"
"101","0.05","0.07","0.06"
"102","0.05","0.08","0.06"
"103","0.05","0.08","0.06"
"104","0.05","0.08","0.06"
"105","0.05","0.08","0.06"
"106","0.05","0.08","0.07"
"107","0.05","0.08","0.07"
"108","0.06","0.08","0.07"
"109","0.09","0.13","0.11"
"110","0.09","0.12","0.11"
"111","0.09","0.12","0.1"
"112","0.09","0.12","0.11"
"113","0.06","0.09","0.08"
"114","0.07","0.1","0.08"
"115","0.06","0.09","0.08"
"116","0.07","0.1","0.08"
"117","0.07","0.1","0.08"
"118","0.07","0.1","0.08"
"119","0.07","0.1","0.09"
"120","0.08","0.11","0.09"
"121","0.07","0.11","0.09"
"122","0.07","0.1","0.08"
"123","0.07","0.11","0.09"
"124","0.1","0.14","0.12"
"125","0.06","0.09","0.07"
"126","0.07","0.11","0.09"
"127","0.07","0.11","0.09"
"128","0.07","0.11","0.09"
"129","0.08","0.11","0.09"
"130","0.07","0.11","0.09"
"131","0.08","0.11","0.09"
"132","0.09","0.12","0.1"
"133","0.08","0.12","0.1"
"134","0.11","0.14","0.12"
"135","0.1","0.14","0.12"
"136","0.11","0.15","0.13"
"137","0.1","0.14","0.12"
"138","0.11","0.15","0.13"
"139","0.07","0.09","0.08"
"140","0.08","0.11","0.09"
"141","0.07","0.09","0.08"
"142","0.08","0.11","0.09"
"143","0.07","0.1","0.09"
"144","0.13","0.16","0.14"
"145","0.12","0.15","0.14"
"146","0.13","0.16","0.15"
"147","0.15","0.18","0.16"
"148","0.1","0.13","0.11"
"149","0.08","0.11","0.1"
"150","0.11","0.14","0.12"
"151","0.08","0.11","0.1"
"152","0.15","0.19","0.17"
"153","0.09","0.12","0.1"
"154","0.1","0.13","0.11"
"155","0.07","0.09","0.08"
"156","0.1","0.14","0.12"
"157","0.1","0.13","0.12"
"158","0.1","0.14","0.12"
"159","0.1","0.13","0.12"
"160","0.11","0.14","0.12"
"161","0.1","0.14","0.12"
"162","0.1","0.13","0.12"
"163","0.11","0.14","0.12"
"164","0.07","0.1","0.09"
"165","0.06","0.09","0.07"
"166","0.07","0.1","0.09"
"167","0.07","0.09","0.08"
"168","0.06","0.09","0.08"
"169","0.06","0.09","0.07"
"170","0.08","0.1","0.09"
"171","0.06","0.09","0.08"
"172","0.07","0.1","0.08"
"173","0.07","0.1","0.08"
"174","0.06","0.09","0.08"
"175","0.07","0.1","0.09"
"176","0.08","0.11","0.09"
"177","0.08","0.11","0.1"
"178","0.09","0.12","0.1"
"179","0.09","0.12","0.1"
"180","0.11","0.15","0.13"
"181","0.11","0.14","0.12"
"182","0.12","0.15","0.14"
"183","0.11","0.14","0.12"
"184","0.12","0.16","0.14"
"185","0.14","0.18","0.16"
"186","0.12","0.15","0.13"
"187","0.12","0.15","0.13"
"188","0.13","0.16","0.14"
"189","0.09","0.12","0.1"
"190","0.1","0.13","0.12"
"191","0.08","0.1","0.09"
"192","0.07","0.1","0.09"
"193","0.07","0.1","0.09"
"194","0.07","0.1","0.08"
"195","0.07","0.09","0.08"
"196","0.07","0.1","0.08"
"197","0.07","0.09","0.08"
"198","0.07","0.09","0.08"
"199","0.07","0.1","0.08"
"200","0.07","0.1","0.08"
"201","0.06","0.09","0.07"
"202","0.06","0.09","0.07"
"203","0.06","0.09","0.07"
"204","0.06","0.08","0.07"
"205","0.06","0.08","0.07"
"206","0.06","0.08","0.07"
"207","0.06","0.09","0.07"
"208","0.06","0.09","0.08"
"209","0.09","0.12","0.1"
"210","0.09","0.12","0.1"
"211","0.09","0.12","0.11"
"212","0.09","0.12","0.11"
"213","0.12","0.15","0.13"
"214","0.06","0.09","0.08"
"215","0.1","0.13","0.12"
"216","0.07","0.1","0.08"
"217","0.07","0.1","0.08"
"218","0.07","0.1","0.08"
"219","0.07","0.1","0.08"
"220","0.07","0.1","0.08"
"221","0.06","0.09","0.08"
"222","0.07","0.09","0.08"
"223","0.06","0.09","0.07"
"224","0.07","0.09","0.08"
"225","0.06","0.09","0.07"
"226","0.07","0.1","0.08"
"227","0.06","0.09","0.08"
"228","0.06","0.09","0.08"
"229","0.06","0.08","0.07"
"230","0.06","0.08","0.07"
"231","0.05","0.08","0.06"
"232","0.05","0.08","0.07"
"233","0.05","0.08","0.07"
"234","0.08","0.11","0.09"
"235","0.08","0.11","0.09"
"236","0.09","0.11","0.1"
"237","0.08","0.11","0.1"
"238","0.05","0.08","0.07"
"239","0.06","0.08","0.07"
"240","0.06","0.08","0.07"
"241","0.05","0.08","0.06"
"242","0.06","0.09","0.07"
"243","0.06","0.09","0.08"
"244","0.06","0.09","0.08"
"245","0.09","0.12","0.1"
"246","0.12","0.16","0.14"
"247","0.11","0.14","0.12"
"248","0.16","0.2","0.18"
"249","0.14","0.17","0.16"
"250","0.09","0.12","0.1"
"251","0.12","0.15","0.14"
"252","0.12","0.15","0.13"
"253","0.11","0.14","0.12"
"254","0.08","0.11","0.09"
"255","0.08","0.1","0.09"
"256","0.08","0.11","0.09"
"257","0.07","0.1","0.08"
"258","0.07","0.09","0.08"
"259","0.12","0.15","0.13"
"260","0.12","0.15","0.13"
"261","0.09","0.12","0.1"
"262","0.1","0.13","0.12"
"263","0.08","0.1","0.09"
"264","0.05","0.07","0.06"
"265","0.05","0.07","0.06"
"266","0.05","0.07","0.06"
"267","0.05","0.07","0.06"
"268","0.05","0.07","0.06"
"269","0.05","0.07","0.06"
"270","0.05","0.07","0.06"
"271","0.04","0.07","0.05"
"272","0.05","0.07","0.06"
"273","0.04","0.07","0.05"
"274","0.05","0.07","0.06"
"275","0.05","0.07","0.06"
"276","0.05","0.08","0.06"
"277","0.05","0.07","0.06"
"278","0.05","0.08","0.06"
"279","0.05","0.07","0.06"
"280","0.05","0.08","0.06"
"281","0.05","0.07","0.06"
"282","0.05","0.07","0.06"
"283","0.05","0.08","0.06"
"284","0.08","0.11","0.1"
"285","0.08","0.11","0.1"
"286","0.09","0.12","0.1"
"287","0.1","0.13","0.11"
"288","0.1","0.13","0.11"
"289","0.07","0.09","0.08"
"290","0.07","0.09","0.08"
"291","0.07","0.09","0.08"
"292","0.07","0.1","0.08"
"293","0.07","0.1","0.08"
"294","0.07","0.09","0.08"
"295","0.07","0.1","0.08"
"296","0.08","0.11","0.09"
"297","0.08","0.11","0.09"
"298","0.07","0.1","0.09"
"299","0.07","0.1","0.09"
"300","0.08","0.1","0.09"
"301","0.07","0.1","0.09"
"302","0.07","0.1","0.09"
"303","0.08","0.1","0.09"
"304","0.08","0.1","0.09"
"305","0.08","0.1","0.09"
"306","0.08","0.11","0.09"
"307","0.08","0.11","0.1"
"308","0.09","0.12","0.1"
"309","0.11","0.15","0.13"
"310","0.12","0.15","0.13"
"311","0.11","0.14","0.13"
"312","0.11","0.14","0.12"
"313","0.11","0.13","0.12"
"314","0.08","0.11","0.09"
"315","0.08","0.11","0.1"
"316","0.09","0.12","0.11"
"317","0.09","0.12","0.11"
"318","0.08","0.11","0.1"
"319","0.08","0.11","0.1"
"320","0.08","0.11","0.1"
"321","0.08","0.11","0.09"
"322","0.08","0.11","0.09"
"323","0.08","0.1","0.09"
"324","0.07","0.1","0.09"
"325","0.07","0.1","0.08"
"326","0.07","0.1","0.08"
"327","0.07","0.1","0.08"
"328","0.07","0.1","0.09"
"329","0.07","0.1","0.09"
"330","0.07","0.09","0.08"
"331","0.09","0.12","0.11"
"332","0.08","0.11","0.1"
"333","0.09","0.12","0.1"
"334","0.09","0.12","0.11"
"335","0.09","0.11","0.1"
"336","0.12","0.15","0.13"
"337","0.1","0.13","0.11"
"338","0.08","0.11","0.09"
"339","0.1","0.12","0.11"
"340","0.12","0.15","0.13"
"341","0.1","0.12","0.11"
"342","0.13","0.16","0.14"
"343","0.14","0.16","0.15"
"344","0.1","0.13","0.12"
"345","0.14","0.16","0.15"
"346","0.15","0.18","0.17"
"347","0.1","0.12","0.11"
"348","0.11","0.14","0.13"
"349","0.11","0.13","0.12"
"350","0.09","0.11","0.1"
"351","0.13","0.16","0.15"
"352","0.11","0.14","0.12"
"353","0.11","0.13","0.12"
"354","0.11","0.13","0.12"
"355","0.11","0.14","0.13"
"356","0.12","0.15","0.13"
"357","0.12","0.15","0.13"
"358","0.1","0.13","0.12"
"359","0.1","0.13","0.11"
"360","0.09","0.12","0.1"
"361","0.09","0.12","0.1"
"362","0.11","0.14","0.13"
"363","0.12","0.15","0.14"
"364","0.13","0.16","0.14"
"365","0.13","0.16","0.15"
"366","0.13","0.16","0.15"
"367","0.1","0.13","0.11"
"368","0.11","0.14","0.12"
"369","0.14","0.17","0.16"
"370","0.12","0.15","0.13"
"371","0.13","0.16","0.14"
"372","0.12","0.15","0.14"
"373","0.11","0.13","0.12"
"374","0.13","0.16","0.15"
"375","0.13","0.16","0.15"
"376","0.13","0.17","0.15"
"377","0.15","0.18","0.16"
"378","0.15","0.18","0.17"
"379","0.14","0.17","0.15"
"380","0.13","0.16","0.15"
"381","0.12","0.15","0.13"
"382","0.14","0.18","0.16"
"383","0.14","0.18","0.16"
"384","0.15","0.18","0.16"
"385","0.14","0.17","0.16"
"386","0.12","0.14","0.13"
"387","0.1","0.12","0.11"
"388","0.1","0.13","0.11"
"389","0.1","0.12","0.11"
"390","0.1","0.13","0.12"
"391","0.08","0.11","0.1"
"392","0.1","0.12","0.11"
"393","0.08","0.11","0.1"
"394","0.09","0.11","0.1"
"395","0.09","0.11","0.1"
"396","0.09","0.12","0.11"
"397","0.08","0.11","0.09"
"398","0.09","0.11","0.1"
"399","0.09","0.11","0.1"
"400","0.1","0.12","0.11"
"401","0.09","0.12","0.1"
"402","0.08","0.1","0.09"
"403","0.14","0.17","0.15"
"404","0.07","0.1","0.09"
"405","0.12","0.14","0.13"
"406","0.09","0.12","0.1"
"407","0.1","0.13","0.11"
"408","0.14","0.17","0.16"
"409","0.12","0.15","0.13"
"410","0.11","0.14","0.13"
"411","0.12","0.14","0.13"
"412","0.13","0.16","0.15"
"413","0.13","0.15","0.14"
"414","0.13","0.15","0.14"
"415","0.18","0.21","0.19"
"416","0.19","0.22","0.21"
"417","0.26","0.29","0.28"
"418","0.15","0.18","0.16"
"419","0.13","0.16","0.14"
"420","0.18","0.21","0.2"
"421","0.18","0.21","0.19"
"422","0.12","0.14","0.13"
"423","0.12","0.15","0.13"
"424","0.11","0.13","0.12"
"425","0.11","0.13","0.12"
"426","0.11","0.14","0.13"
"427","0.13","0.16","0.14"
"428","0.14","0.16","0.15"
"429","0.13","0.16","0.14"
"430","0.1","0.13","0.12"
"431","0.11","0.13","0.12"
"432","0.13","0.16","0.15"
"433","0.12","0.15","0.14"
"434","0.13","0.16","0.15"
"435","0.14","0.16","0.15"
"436","0.17","0.2","0.19"
"437","0.16","0.19","0.18"
"438","0.15","0.19","0.17"
"439","0.14","0.17","0.16"
"440","0.19","0.22","0.2"
"441","0.18","0.21","0.2"
"442","0.16","0.19","0.17"
"443","0.16","0.19","0.18"
"444","0.19","0.22","0.21"
"445","0.2","0.23","0.21"
"446","0.23","0.26","0.24"
"447","0.19","0.22","0.2"
"448","0.16","0.19","0.18"
"449","0.25","0.28","0.26"
"450","0.19","0.22","0.21"
"451","0.14","0.17","0.15"
"452","0.21","0.24","0.23"
"453","0.2","0.22","0.21"
"454","0.13","0.15","0.14"
"455","0.22","0.25","0.24"
"456","0.22","0.25","0.24"
"457","0.18","0.21","0.19"
"458","0.17","0.2","0.19"
"459","0.15","0.18","0.16"
"460","0.17","0.19","0.18"
"461","0.14","0.16","0.15"
"462","0.15","0.18","0.16"
"463","0.15","0.17","0.16"
"464","0.14","0.16","0.15"
"465","0.14","0.17","0.16"
"466","0.15","0.17","0.16"
"467","0.15","0.18","0.17"
"468","0.15","0.18","0.17"
"469","0.13","0.16","0.15"
"470","0.2","0.23","0.21"
"471","0.15","0.18","0.17"
"472","0.18","0.21","0.19"
"473","0.2","0.23","0.22"
"474","0.16","0.19","0.18"
"475","0.21","0.24","0.22"
"476","0.19","0.22","0.21"
"477","0.18","0.21","0.19"
"478","0.17","0.2","0.18"
"479","0.13","0.15","0.14"
"480","0.19","0.22","0.2"
"481","0.2","0.23","0.22"
"482","0.22","0.25","0.24"
"483","0.24","0.27","0.26"
"484","0.31","0.34","0.33"
"485","0.25","0.28","0.26"
"486","0.29","0.33","0.31"
"487","0.26","0.29","0.27"
"488","0.18","0.21","0.2"
"489","0.26","0.29","0.28"
"490","0.25","0.28","0.26"
"491","0.16","0.19","0.17"
"492","0.19","0.22","0.2"
"493","0.25","0.28","0.27"
"494","0.22","0.24","0.23"
"495","0.15","0.17","0.16"
"496","0.16","0.19","0.17"
"497","0.12","0.14","0.13"
"498","0.17","0.2","0.18"
"499","0.14","0.17","0.16"
"500","0.16","0.19","0.17"
"501","0.23","0.26","0.24"
"502","0.17","0.2","0.19"
"503","0.13","0.15","0.14"
"504","0.12","0.15","0.13"
"505","0.19","0.22","0.21"
"506","0.11","0.13","0.12"
"507","0.11","0.14","0.12"
"508","0.12","0.15","0.13"
"509","0.12","0.14","0.13"
"510","0.11","0.13","0.12"
"511","0.1","0.13","0.12"
"512","0.09","0.12","0.1"
"513","0.09","0.11","0.1"
"514","0.1","0.12","0.11"
"515","0.1","0.12","0.11"
"516","0.09","0.12","0.11"
"517","0.09","0.12","0.1"
"518","0.08","0.11","0.09"
"519","0.08","0.11","0.09"
"520","0.08","0.11","0.09"
"521","0.07","0.1","0.08"
"522","0.07","0.1","0.08"
"523","0.07","0.1","0.09"
"524","0.12","0.16","0.14"
"525","0.13","0.16","0.14"
"526","0.13","0.17","0.15"
"527","0.14","0.17","0.15"
"528","0.14","0.17","0.15"
"529","0.13","0.17","0.15"
"530","0.13","0.17","0.15"
"531","0.13","0.16","0.14"
"532","0.15","0.18","0.17"
"533","0.15","0.18","0.16"
"534","0.14","0.18","0.16"
"535","0.15","0.18","0.16"
"536","0.15","0.19","0.17"
"537","0.13","0.16","0.14"
"538","0.12","0.16","0.14"
"539","0.12","0.16","0.14"
"540","0.12","0.16","0.14"
"541","0.13","0.16","0.14"
"542","0.13","0.16","0.14"
"543","0.13","0.16","0.14"
"544","0.09","0.11","0.1"
"545","0.08","0.11","0.1"
"546","0.09","0.12","0.1"
"547","0.09","0.12","0.11"
"548","0.1","0.13","0.12"
"549","0.11","0.15","0.13"
"550","0.13","0.16","0.14"
"551","0.14","0.18","0.16"
"552","0.15","0.19","0.17"
"553","0.24","0.28","0.26"
"554","0.28","0.32","0.3"
"555","0.3","0.34","0.32"
"556","0.34","0.38","0.36"
"557","0.35","0.4","0.37"
"558","0.37","0.41","0.39"
"559","0.37","0.42","0.4"
"560","0.39","0.43","0.41"
"561","0.37","0.41","0.39"
"562","0.37","0.41","0.39"
"563","0.37","0.41","0.39"
"564","0.38","0.42","0.4"
"565","0.37","0.42","0.39"
"566","0.37","0.42","0.39"
"567","0.37","0.41","0.39"
"568","0.35","0.39","0.37"
"569","0.35","0.39","0.37"
"570","0.34","0.38","0.36"
"571","0.29","0.33","0.31"
"572","0.29","0.33","0.31"
"573","0.28","0.32","0.3"
"574","0.28","0.32","0.3"
"575","0.29","0.33","0.31"
"576","0.31","0.35","0.33"
"577","0.3","0.35","0.32"
"578","0.29","0.34","0.32"
"579","0.29","0.34","0.32"
"580","0.29","0.33","0.31"
"581","0.26","0.3","0.28"
"582","0.26","0.31","0.28"
"583","0.26","0.3","0.28"
"584","0.26","0.3","0.28"
"585","0.23","0.27","0.25"
"586","0.22","0.26","0.24"
"587","0.21","0.25","0.23"
"588","0.19","0.23","0.21"
"589","0.14","0.18","0.16"
"590","0.13","0.17","0.15"
"591","0.11","0.15","0.13"
"592","0.1","0.13","0.11"
"593","0.1","0.13","0.11"
"594","0.08","0.11","0.09"
"595","0.09","0.12","0.11"
"596","0.1","0.13","0.12"
"597","0.1","0.14","0.12"
"598","0.1","0.14","0.12"
"599","0.11","0.14","0.12"
"600","0.11","0.15","0.13"
"601","0.12","0.16","0.14"
"602","0.13","0.16","0.14"
"603","0.13","0.16","0.14"
"604","0.13","0.16","0.14"
"605","0.13","0.16","0.14"
"606","0.13","0.16","0.15"
"607","0.13","0.16","0.15"
"608","0.12","0.16","0.14"
"609","0.14","0.18","0.16"
"610","0.13","0.17","0.15"
"611","0.12","0.15","0.14"
"612","0.12","0.15","0.13"
"613","0.08","0.11","0.1"
"614","0.14","0.18","0.16"
"615","0.08","0.11","0.1"
"616","0.09","0.12","0.11"
"617","0.09","0.12","0.11"
"618","0.11","0.14","0.12"
"619","0.11","0.14","0.13"
"620","0.11","0.15","0.13"
"621","0.11","0.15","0.13"
"622","0.12","0.15","0.13"
"623","0.12","0.15","0.13"
"624","0.13","0.16","0.14"
"625","0.15","0.18","0.16"
"626","0.16","0.19","0.17"
"627","0.16","0.2","0.18"
"628","0.17","0.2","0.18"
"629","0.16","0.2","0.18"
"630","0.16","0.2","0.18"
"631","0.16","0.2","0.18"
"632","0.15","0.19","0.17"
"633","0.15","0.18","0.16"
"634","0.17","0.2","0.18"
"635","0.17","0.2","0.18"
"636","0.17","0.21","0.19"
"637","0.16","0.2","0.18"
"638","0.16","0.2","0.18"
"639","0.12","0.16","0.14"
"640","0.11","0.14","0.13"
"641","0.1","0.13","0.11"
"642","0.09","0.12","0.11"
"643","0.08","0.11","0.1"
"644","0.07","0.1","0.09"
"645","0.08","0.11","0.09"
"646","0.08","0.11","0.1"
"647","0.08","0.11","0.09"
"648","0.08","0.11","0.1"
"649","0.09","0.12","0.1"
"650","0.09","0.12","0.1"
"651","0.09","0.11","0.1"
"652","0.09","0.11","0.1"
"653","0.08","0.11","0.1"
"654","0.1","0.13","0.11"
"655","0.12","0.15","0.13"
"656","0.12","0.15","0.13"
"657","0.14","0.18","0.16"
"658","0.15","0.19","0.17"
"659","0.18","0.21","0.19"
"660","0.18","0.22","0.2"
"661","0.18","0.22","0.2"
"662","0.18","0.22","0.2"
"663","0.18","0.22","0.2"
"664","0.17","0.21","0.19"
"665","0.17","0.2","0.18"
"666","0.17","0.21","0.19"
"667","0.16","0.2","0.18"
"668","0.16","0.2","0.18"
"669","0.17","0.21","0.18"
"670","0.16","0.2","0.18"
"671","0.16","0.2","0.18"
"672","0.21","0.25","0.23"
"673","0.19","0.23","0.21"
"674","0.19","0.23","0.21"
"675","0.19","0.23","0.21"
"676","0.19","0.23","0.21"
"677","0.19","0.23","0.21"
"678","0.19","0.23","0.21"
"679","0.19","0.23","0.21"
"680","0.19","0.23","0.21"
"681","0.19","0.23","0.21"
"682","0.19","0.23","0.21"
"683","0.19","0.23","0.21"
"684","0.19","0.23","0.21"
"685","0.19","0.23","0.21"
"686","0.18","0.22","0.2"
"687","0.18","0.22","0.2"
"688","0.18","0.22","0.2"
"689","0.15","0.18","0.16"
"690","0.14","0.18","0.16"
"691","0.14","0.18","0.16"
"692","0.06","0.09","0.08"
"693","0.06","0.09","0.08"
"694","0.07","0.09","0.08"
"695","0.07","0.1","0.08"
"696","0.11","0.14","0.12"
"697","0.11","0.14","0.12"
"698","0.11","0.14","0.13"
"699","0.11","0.15","0.13"
"700","0.11","0.15","0.13"
"701","0.15","0.19","0.17"
"702","0.11","0.14","0.13"
"703","0.11","0.14","0.12"
"704","0.12","0.15","0.14"
"705","0.12","0.15","0.13"
"706","0.12","0.16","0.14"
"707","0.12","0.16","0.14"
"708","0.13","0.16","0.14"
"709","0.13","0.16","0.15"
"710","0.12","0.16","0.14"
"711","0.12","0.15","0.13"
"712","0.11","0.15","0.13"
"713","0.11","0.14","0.12"
"714","0.1","0.14","0.12"
"715","0.1","0.13","0.11"
"716","0.08","0.12","0.1"
"717","0.08","0.11","0.09"
"718","0.07","0.1","0.09"
"719","0.07","0.1","0.08"
"720","0.07","0.09","0.08"
"721","0.03","0.05","0.04"
"722","0.02","0.04","0.03"
"723","0.02","0.04","0.03"
"724","0.02","0.03","0.02"
"725","0.02","0.03","0.02"
"726","0.02","0.03","0.02"
"727","0.01","0.03","0.02"
"728","0.02","0.04","0.03"
"729","0.02","0.04","0.03"
"730","0.02","0.03","0.02"
"731","0.02","0.04","0.03"
"732","0.02","0.04","0.03"
"733","0.02","0.04","0.03"
"734","0.04","0.07","0.05"
"735","0.04","0.07","0.05"
"736","0.05","0.07","0.06"
"737","0.05","0.07","0.06"
"738","0.05","0.08","0.06"
"739","0.05","0.07","0.06"
"740","0.05","0.07","0.06"
"741","0.04","0.07","0.06"
"742","0.05","0.07","0.06"
"743","0.05","0.08","0.06"
"744","0.05","0.08","0.06"
"745","0.05","0.08","0.06"
"746","0.07","0.11","0.09"
"747","0.08","0.11","0.09"
"748","0.08","0.11","0.09"
"749","0.08","0.11","0.09"
"750","0.08","0.11","0.09"
"751","0.07","0.1","0.09"
"752","0.07","0.1","0.09"
"753","0.07","0.09","0.08"
"754","0.07","0.1","0.08"
"755","0.07","0.1","0.08"
"756","0.07","0.1","0.08"
"757","0.07","0.1","0.08"
"758","0.06","0.08","0.07"
"759","0.09","0.12","0.1"
"760","0.09","0.12","0.1"
"761","0.09","0.12","0.1"
"762","0.09","0.12","0.11"
"763","0.11","0.14","0.12"
"764","0.09","0.12","0.1"
"765","0.1","0.13","0.11"
"766","0.11","0.14","0.12"
"767","0.12","0.15","0.13"
"768","0.14","0.17","0.15"
"769","0.14","0.18","0.16"
"770","0.16","0.2","0.18"
"771","0.16","0.19","0.17"
"772","0.16","0.2","0.18"
"773","0.16","0.2","0.18"
"774","0.16","0.2","0.18"
"775","0.17","0.2","0.19"
"776","0.18","0.23","0.2"
"777","0.18","0.22","0.2"
"778","0.17","0.21","0.19"
"779","0.17","0.21","0.19"
"780","0.16","0.2","0.18"
"781","0.14","0.18","0.16"
"782","0.13","0.16","0.14"
"783","0.12","0.15","0.13"
"784","0.14","0.17","0.15"
"785","0.14","0.17","0.15"
"786","0.14","0.18","0.16"
"787","0.15","0.18","0.17"
"788","0.16","0.2","0.18"
"789","0.15","0.18","0.16"
"790","0.16","0.2","0.18"
"791","0.16","0.19","0.18"
"792","0.17","0.21","0.19"
"793","0.19","0.23","0.21"
"794","0.21","0.24","0.22"
"795","0.22","0.26","0.23"
"796","0.23","0.27","0.25"
"797","0.22","0.26","0.24"
"798","0.23","0.27","0.25"
"799","0.22","0.27","0.24"
"800","0.23","0.27","0.25"
"801","0.23","0.27","0.25"
"802","0.28","0.32","0.3"
"803","0.28","0.32","0.3"
"804","0.28","0.32","0.3"
"805","0.26","0.29","0.28"
"806","0.29","0.33","0.31"
"807","0.31","0.35","0.33"
"808","0.32","0.36","0.34"
"809","0.32","0.36","0.34"
"810","0.31","0.35","0.33"
"811","0.34","0.38","0.36"
"812","0.35","0.39","0.37"
"813","0.37","0.4","0.38"
"814","0.37","0.41","0.39"
"815","0.39","0.42","0.4"
"816","0.39","0.43","0.41"
"817","0.38","0.42","0.4"
"818","0.4","0.43","0.42"
"819","0.4","0.43","0.41"
"820","0.38","0.42","0.4"
"821","0.35","0.39","0.37"
"822","0.35","0.39","0.37"
"823","0.35","0.38","0.37"
"824","0.35","0.39","0.37"
"825","0.34","0.37","0.35"
"826","0.25","0.29","0.27"
"827","0.22","0.25","0.24"
"828","0.18","0.21","0.19"
"829","0.15","0.18","0.17"
"830","0.14","0.17","0.15"
"831","0.12","0.15","0.14"
"832","0.12","0.15","0.14"
"833","0.11","0.14","0.13"
"834","0.09","0.12","0.11"
"835","0.09","0.12","0.1"
"836","0.09","0.12","0.11"
"837","0.06","0.09","0.07"
"838","0.06","0.09","0.07"
"839","0.06","0.09","0.07"
"840","0.05","0.08","0.06"
"841","0.05","0.07","0.06"
"842","0.05","0.07","0.06"
"843","0.05","0.07","0.06"
"844","0.05","0.07","0.06"
"845","0.05","0.07","0.06"
"846","0.05","0.07","0.06"
"847","0.05","0.07","0.06"
"848","0.05","0.07","0.06"
"849","0.05","0.07","0.06"
"850","0.05","0.07","0.06"
"851","0.05","0.07","0.06"
"852","0.05","0.07","0.06"
"853","0.05","0.08","0.06"
"854","0.06","0.08","0.07"
"855","0.06","0.08","0.07"
"856","0.07","0.1","0.08"
"857","0.07","0.09","0.08"
"858","0.07","0.09","0.08"
"859","0.08","0.1","0.09"
"860","0.08","0.11","0.09"
"861","0.07","0.1","0.09"
"862","0.06","0.08","0.07"
"863","0.06","0.09","0.07"
"864","0.06","0.08","0.07"
"865","0.06","0.09","0.08"
"866","0.11","0.14","0.13"
"867","0.11","0.14","0.13"
"868","0.11","0.15","0.13"
"869","0.11","0.15","0.13"
"870","0.11","0.15","0.13"
"871","0.1","0.13","0.11"
"872","0.1","0.13","0.11"
"873","0.09","0.13","0.11"
"874","0.08","0.11","0.1"
"875","0.08","0.11","0.1"
"876","0.09","0.13","0.11"
"877","0.08","0.11","0.09"
"878","0.07","0.1","0.09"
"879","0.07","0.1","0.08"
"880","0.06","0.09","0.07"
"881","0.06","0.09","0.07"
"882","0.09","0.12","0.11"
"883","0.09","0.12","0.11"
"884","0.09","0.12","0.11"
"885","0.09","0.12","0.1"
"886","0.09","0.12","0.1"
"887","0.06","0.08","0.07"
"888","0.06","0.09","0.07"
"889","0.06","0.09","0.07"
"890","0.06","0.09","0.07"
"891","0.06","0.08","0.07"
"892","0.07","0.09","0.08"
"893","0.07","0.09","0.08"
"894","0.07","0.09","0.08"
"895","0.07","0.1","0.08"
"896","0.07","0.1","0.08"
"897","0.07","0.09","0.08"
"898","0.07","0.1","0.08"
"899","0.07","0.1","0.09"
"900","0.07","0.1","0.09"
"901","0.07","0.09","0.08"
"902","0.07","0.09","0.08"
"903","0.07","0.09","0.08"
"904","0.07","0.09","0.08"
"905","0.06","0.09","0.07"
"906","0.07","0.09","0.08"
"907","0.09","0.12","0.1"
"908","0.09","0.12","0.11"
"909","0.09","0.12","0.1"
"910","0.09","0.12","0.1"
"911","0.08","0.11","0.1"
"912","0.06","0.09","0.07"
"913","0.06","0.08","0.07"
"914","0.06","0.08","0.07"
"915","0.06","0.08","0.07"
"916","0.06","0.09","0.07"
"917","0.06","0.08","0.07"
"918","0.06","0.08","0.07"
"919","0.06","0.08","0.07"
"920","0.06","0.08","0.07"
"921","0.05","0.08","0.07"
"922","0.05","0.08","0.07"
"923","0.06","0.08","0.07"
"924","0.06","0.08","0.07"
"925","0.05","0.08","0.07"
"926","0.07","0.1","0.09"
"927","0.08","0.1","0.09"
"928","0.07","0.1","0.09"
"929","0.07","0.1","0.08"
"930","0.07","0.1","0.09"
"931","0.07","0.1","0.09"
"932","0.1","0.13","0.12"
"933","0.1","0.13","0.12"
"934","0.1","0.13","0.12"
"935","0.1","0.13","0.12"
"936","0.1","0.14","0.12"
"937","0.07","0.1","0.08"
"938","0.07","0.1","0.08"
"939","0.07","0.09","0.08"
"940","0.07","0.1","0.08"
"941","0.06","0.09","0.08"
"942","0.06","0.09","0.07"
"943","0.06","0.09","0.08"
"944","0.06","0.09","0.08"
"945","0.06","0.09","0.08"
"946","0.05","0.07","0.06"
"947","0.12","0.16","0.14"
"948","0.12","0.16","0.14"
"949","0.12","0.15","0.13"
"950","0.13","0.16","0.14"
"951","0.12","0.15","0.14"
"952","0.12","0.16","0.14"
"953","0.12","0.15","0.14"
"954","0.12","0.15","0.14"
"955","0.12","0.16","0.14"
"956","0.15","0.19","0.17"
"957","0.15","0.18","0.16"
"958","0.15","0.18","0.16"
"959","0.17","0.21","0.19"
"960","0.17","0.21","0.19"
"961","0.16","0.19","0.18"
"962","0.13","0.17","0.15"
"963","0.13","0.16","0.15"
"964","0.13","0.17","0.15"
"965","0.13","0.16","0.15"
"966","0.14","0.17","0.15"
"967","0.06","0.09","0.08"
"968","0.06","0.09","0.08"
"969","0.06","0.09","0.08"
"970","0.06","0.09","0.07"
"971","0.06","0.08","0.07"
"972","0.06","0.09","0.07"
"973","0.06","0.09","0.08"
"974","0.06","0.09","0.07"
"975","0.07","0.09","0.08"
"976","0.06","0.09","0.07"
"977","0.06","0.09","0.07"
"978","0.06","0.09","0.07"
"979","0.06","0.09","0.08"
"980","0.06","0.09","0.08"
"981","0.06","0.08","0.07"
"982","0.06","0.09","0.07"
"983","0.06","0.09","0.07"
"984","0.09","0.12","0.11"
"985","0.09","0.12","0.1"
"986","0.1","0.13","0.11"
"987","0.07","0.09","0.08"
"988","0.07","0.1","0.08"
"989","0.07","0.1","0.08"
"990","0.07","0.09","0.08"
"991","0.06","0.09","0.08"
"992","0.07","0.09","0.08"
"993","0.06","0.09","0.07"
"994","0.07","0.09","0.08"
"995","0.07","0.1","0.08"
"996","0.07","0.1","0.09"
"997","0.07","0.1","0.09"
"998","0.07","0.1","0.09"
"999","0.07","0.1","0.09"
"1000","0.08","0.11","0.09"
"1001","0.07","0.1","0.08"
"1002","0.07","0.1","0.08"
"1003","0.07","0.1","0.08"
"1004","0.07","0.1","0.08"
"1005","0.07","0.1","0.08"
"1006","0.07","0.09","0.08"
"1007","0.09","0.12","0.11"
"1008","0.1","0.13","0.11"
"1009","0.1","0.13","0.11"
"1010","0.1","0.13","0.11"
"1011","0.09","0.12","0.11"
"1012","0.07","0.1","0.08"
"1013","0.11","0.14","0.12"
"1014","0.1","0.13","0.12"
"1015","0.1","0.13","0.12"
"1016","0.12","0.15","0.14"
"1017","0.12","0.15","0.13"
"1018","0.12","0.15","0.13"
"1019","0.12","0.15","0.13"
"1020","0.12","0.15","0.13"
"1021","0.11","0.14","0.12"
"1022","0.1","0.13","0.12"
"1023","0.1","0.13","0.12"
"1024","0.1","0.13","0.11"
"1025","0.1","0.12","0.11"
"1026","0.06","0.08","0.07"
"1027","0.07","0.09","0.08"
"1028","0.05","0.07","0.06"
"1029","0.04","0.07","0.05"
"1030","0.04","0.07","0.05"
"1031","0.06","0.09","0.08"
"1032","0.09","0.12","0.1"
"1033","0.08","0.11","0.09"
"1034","0.08","0.11","0.09"
"1035","0.06","0.08","0.07"
"1036","0.06","0.08","0.07"
"1037","0.06","0.09","0.07"
"1038","0.06","0.09","0.08"
"1039","0.07","0.09","0.08"
"1040","0.07","0.09","0.08"
"1041","0.06","0.09","0.08"
"1042","0.07","0.09","0.08"
"1043","0.07","0.09","0.08"
"1044","0.07","0.1","0.08"
"1045","0.07","0.1","0.08"
"1046","0.05","0.08","0.06"
"1047","0.05","0.08","0.06"
"1048","0.05","0.08","0.07"
"1049","0.05","0.07","0.06"
"1050","0.05","0.07","0.06"
"1051","0.04","0.07","0.05"
"1052","0.05","0.08","0.06"
"1053","0.05","0.08","0.06"
"1054","0.05","0.08","0.06"
"1055","0.05","0.07","0.06"
"1056","0.06","0.08","0.07"
"1057","0.08","0.1","0.09"
"1058","0.08","0.1","0.09"
"1059","0.05","0.08","0.06"
"1060","0.05","0.07","0.06"
"1061","0.04","0.07","0.05"
"1062","0.04","0.07","0.05"
"1063","0.04","0.07","0.05"
"1064","0.04","0.06","0.05"
"1065","0.04","0.06","0.05"
"1066","0.04","0.07","0.05"
"1067","0.04","0.07","0.05"
"1068","0.05","0.07","0.06"
"1069","0.04","0.07","0.05"
"1070","0.04","0.07","0.06"
"1071","0.04","0.07","0.05"
"1072","0.05","0.07","0.06"
"1073","0.05","0.07","0.06"
"1074","0.05","0.07","0.06"
"1075","0.05","0.07","0.06"
"1076","0.05","0.08","0.07"
"1077","0.06","0.08","0.07"
"1078","0.06","0.09","0.07"
"1079","0.06","0.09","0.07"
"1080","0.06","0.09","0.07"
"1081","0.05","0.08","0.06"
"1082","0.08","0.11","0.09"
"1083","0.08","0.11","0.09"
"1084","0.08","0.11","0.09"
"1085","0.08","0.11","0.09"
"1086","0.08","0.11","0.1"
"1087","0.05","0.07","0.06"
"1088","0.05","0.07","0.06"
"1089","0.05","0.07","0.06"
"1090","0.05","0.07","0.06"
"1091","0.04","0.07","0.06"
"1092","0.05","0.07","0.06"
"1093","0.04","0.07","0.05"
"1094","0.05","0.07","0.06"
"1095","0.05","0.07","0.06"
"1096","0.05","0.08","0.06"
"1097","0.05","0.08","0.06"
"1098","0.05","0.08","0.06"
"1099","0.07","0.09","0.08"
"1100","0.07","0.1","0.08"
"1101","0.07","0.1","0.08"
"1102","0.07","0.1","0.08"
"1103","0.07","0.1","0.08"
"1104","0.07","0.1","0.08"
"1105","0.07","0.1","0.08"
"1106","0.08","0.11","0.09"
"1107","0.1","0.14","0.12"
"1108","0.11","0.14","0.12"
"1109","0.1","0.14","0.12"
"1110","0.11","0.14","0.12"
"1111","0.1","0.13","0.12"
"1112","0.08","0.1","0.09"
"1113","0.08","0.1","0.09"
"1114","0.08","0.1","0.09"
"1115","0.08","0.11","0.09"
"1116","0.08","0.11","0.1"
"1117","0.08","0.11","0.1"
"1118","0.08","0.11","0.09"
"1119","0.07","0.1","0.09"
"1120","0.07","0.1","0.08"
"1121","0.07","0.1","0.09"
"1122","0.07","0.1","0.08"
"1123","0.07","0.1","0.08"
"1124","0.07","0.1","0.08"
"1125","0.07","0.1","0.08"
"1126","0.08","0.11","0.09"
"1127","0.04","0.07","0.05"
"1128","0.04","0.06","0.05"
"1129","0.03","0.06","0.04"
"1130","0.04","0.07","0.05"
"1131","0.04","0.06","0.05"
"1132","0.04","0.07","0.05"
"1133","0.05","0.08","0.06"
"1134","0.09","0.12","0.1"
"1135","0.09","0.13","0.11"
"1136","0.1","0.13","0.11"
"1137","0.1","0.14","0.12"
"1138","0.11","0.14","0.12"
"1139","0.12","0.15","0.13"
"1140","0.12","0.15","0.14"
"1141","0.14","0.18","0.16"
"1142","0.15","0.19","0.17"
"1143","0.2","0.23","0.21"
"1144","0.22","0.26","0.24"
"1145","0.25","0.29","0.27"
"1146","0.28","0.32","0.3"
"1147","0.3","0.34","0.32"
"1148","0.33","0.38","0.35"
"1149","0.34","0.38","0.36"
"1150","0.34","0.38","0.36"
"1151","0.34","0.38","0.36"
"1152","0.35","0.39","0.37"
"1153","0.34","0.38","0.36"
"1154","0.35","0.38","0.36"
"1155","0.34","0.38","0.36"
"1156","0.37","0.41","0.39"
"1157","0.36","0.4","0.38"
"1158","0.35","0.39","0.37"
"1159","0.34","0.38","0.36"
"1160","0.31","0.35","0.33"
"1161","0.27","0.31","0.29"
"1162","0.26","0.29","0.27"
"1163","0.25","0.28","0.26"
"1164","0.24","0.27","0.25"
"1165","0.23","0.27","0.25"
"1166","0.2","0.24","0.22"
"1167","0.19","0.23","0.21"
"1168","0.18","0.21","0.2"
"1169","0.17","0.2","0.18"
"1170","0.16","0.19","0.17"
"1171","0.15","0.18","0.16"
"1172","0.15","0.18","0.16"
"1173","0.14","0.17","0.16"
"1174","0.14","0.17","0.16"
"1175","0.14","0.17","0.15"
"1176","0.16","0.2","0.18"
"1177","0.14","0.17","0.15"
"1178","0.14","0.17","0.15"
"1179","0.15","0.19","0.17"
"1180","0.14","0.18","0.16"
"1181","0.14","0.18","0.16"
"1182","0.15","0.18","0.16"
"1183","0.15","0.18","0.17"
"1184","0.13","0.17","0.15"
"1185","0.14","0.17","0.15"
"1186","0.15","0.18","0.16"
"1187","0.15","0.18","0.16"
"1188","0.15","0.18","0.16"
"1189","0.14","0.18","0.16"
"1190","0.14","0.17","0.15"
"1191","0.12","0.15","0.14"
"1192","0.12","0.15","0.13"
"1193","0.11","0.14","0.13"
"1194","0.11","0.14","0.12"
"1195","0.11","0.14","0.12"
"1196","0.1","0.13","0.12"
"1197","0.09","0.12","0.11"
"1198","0.09","0.12","0.1"
"1199","0.09","0.12","0.1"
"1200","0.08","0.11","0.1"
"1201","0.07","0.1","0.09"
"1202","0.08","0.1","0.09"
"1203","0.07","0.1","0.09"
"1204","0.07","0.1","0.08"
"1205","0.07","0.09","0.08"
"1206","0.07","0.09","0.08"
"1207","0.06","0.09","0.08"
"1208","0.06","0.08","0.07"
"1209","0.05","0.08","0.06"
"1210","0.05","0.07","0.06"
"1211","0.04","0.07","0.05"
"1212","0.04","0.07","0.06"
"1213","0.04","0.06","0.05"
"1214","0.02","0.04","0.03"
"1215","0.02","0.04","0.03"
"1216","0.02","0.04","0.03"
"1217","0.02","0.04","0.03"
"1218","0.1","0.13","0.12"
"1219","0.1","0.13","0.12"
"1220","0.1","0.13","0.11"
"1221","0.09","0.12","0.11"
"1222","0.09","0.12","0.1"
"1223","0.09","0.12","0.1"
"1224","0.09","0.12","0.11"
"1225","0.09","0.12","0.1"
"1226","0.1","0.14","0.12"
"1227","0.1","0.14","0.12"
"1228","0.11","0.14","0.12"
"1229","0.1","0.14","0.12"
"1230","0.11","0.14","0.12"
"1231","0.1","0.13","0.12"
"1232","0.1","0.14","0.12"
"1233","0.1","0.13","0.11"
"1234","0.01","0.03","0.02"
"1235","0.02","0.03","0.02"
"1236","0.04","0.06","0.05"
"1237","0.04","0.06","0.05"
"1238","0.07","0.1","0.08"
"1239","0.07","0.1","0.08"
"1240","0.07","0.1","0.08"
"1241","0.06","0.09","0.08"
"1242","0.06","0.09","0.07"
"1243","0.06","0.09","0.08"
"1244","0.07","0.1","0.08"
"1245","0.07","0.1","0.08"
"1246","0.07","0.1","0.09"
"1247","0.09","0.12","0.1"
"1248","0.1","0.14","0.12"
"1249","0.12","0.15","0.14"
"1250","0.14","0.17","0.15"
"1251","0.15","0.18","0.16"
"1252","0.17","0.21","0.19"
"1253","0.19","0.22","0.2"
"1254","0.19","0.23","0.21"
"1255","0.2","0.24","0.22"
"1256","0.21","0.25","0.23"
"1257","0.22","0.26","0.24"
"1258","0.23","0.27","0.25"
"1259","0.23","0.27","0.25"
"1260","0.24","0.28","0.26"
"1261","0.23","0.27","0.25"
"1262","0.24","0.28","0.26"
"1263","0.24","0.28","0.26"
"1264","0.24","0.28","0.26"
"1265","0.23","0.27","0.25"
"1266","0.25","0.3","0.27"
"1267","0.25","0.3","0.27"
"1268","0.23","0.28","0.25"
"1269","0.21","0.26","0.23"
"1270","0.22","0.28","0.24"
"1271","0.18","0.23","0.2"
"1272","0.17","0.23","0.2"
"1273","0.15","0.21","0.18"
