"position","positive","negative"
"1","4","9"
"2","4","11"
"3","4","14"
"4","5","15"
"5","5","19"
"6","5","21"
"7","7","23"
"8","9","23"
"9","11","28"
"10","14","30"
"11","15","36"
"12","17","37"
"13","20","43"
"14","33","45"
"15","27","47"
"16","33","43"
"17","33","47"
"18","32","46"
"19","30","47"
"20","29","44"
"21","28","50"
"22","32","48"
"23","32","48"
"24","29","47"
"25","32","50"
"26","39","45"
"27","36","45"
"28","45","41"
"29","39","43"
"30","40","42"
"31","38","46"
"32","38","43"
"33","36","48"
"34","36","46"
"35","33","47"
"36","34","40"
"37","33","42"
"38","32","39"
"39","34","39"
"40","31","37"
"41","30","45"
"42","29","45"
"43","27","46"
"44","28","43"
"45","31","44"
"46","26","41"
"47","27","39"
"48","27","36"
"49","28","40"
"50","28","40"
"51","28","38"
"52","28","35"
"53","25","39"
"54","23","40"
"55","22","42"
"56","21","37"
"57","23","41"
"58","24","40"
"59","29","41"
"60","24","41"
"61","27","47"
"62","27","46"
"63","33","48"
"64","31","47"
"65","28","50"
"66","29","48"
"67","28","48"
"68","30","44"
"69","31","46"
"70","31","46"
"71","36","48"
"72","35","45"
"73","33","46"
"74","32","44"
"75","34","43"
"76","38","36"
"77","40","35"
"78","35","34"
"79","36","33"
"80","43","30"
"81","40","33"
"82","48","31"
"83","44","31"
"84","37","28"
"85","46","30"
"86","35","26"
"87","41","26"
"88","41","23"
"89","32","27"
"90","32","26"
"91","33","29"
"92","38","27"
"93","34","31"
"94","31","32"
"95","30","32"
"96","30","27"
"97","38","33"
"98","38","33"
"99","32","34"
"100","25","32"
"101","24","40"
"102","29","40"
"103","24","43"
"104","22","42"
"105","24","46"
"106","23","44"
"107","20","45"
"108","24","42"
"109","24","43"
"110","18","42"
"111","26","45"
"112","23","41"
"113","30","42"
"114","28","40"
"115","24","38"
"116","24","31"
"117","25","34"
"118","24","32"
"119","28","31"
"120","28","28"
"121","32","34"
"122","32","34"
"123","34","35"
"124","31","30"
"125","26","33"
"126","31","29"
"127","27","31"
"128","23","30"
"129","26","34"
"130","23","36"
"131","23","36"
"132","29","34"
"133","30","38"
"134","30","38"
"135","26","40"
"136","28","37"
"137","29","42"
"138","28","41"
"139","29","41"
"140","37","39"
"141","32","46"
"142","39","44"
"143","42","42"
"144","74","37"
"145","64","41"
"146","62","42"
"147","72","42"
"148","44","38"
"149","38","40"
"150","54","40"
"151","41","43"
"152","66","40"
"153","49","42"
"154","52","41"
"155","45","42"
"156","52","38"
"157","48","40"
"158","50","39"
"159","41","38"
"160","44","35"
"161","46","37"
"162","45","37"
"163","50","37"
"164","45","35"
"165","37","39"
"166","39","34"
"167","34","33"
"168","31","31"
"169","35","34"
"170","42","35"
"171","38","39"
"172","43","38"
"173","42","41"
"174","38","40"
"175","42","41"
"176","41","35"
"177","45","35"
"178","46","34"
"179","43","33"
"180","41","30"
"181","44","34"
"182","55","34"
"183","46","34"
"184","42","30"
"185","46","33"
"186","41","30"
"187","40","31"
"188","41","29"
"189","38","32"
"190","42","34"
"191","33","35"
"192","33","35"
"193","32","38"
"194","30","39"
"195","29","40"
"196","26","35"
"197","27","39"
"198","25","40"
"199","25","41"
"200","25","41"
"201","23","48"
"202","21","50"
"203","22","50"
"204","23","47"
"205","23","52"
"206","20","51"
"207","25","52"
"208","22","49"
"209","25","50"
"210","25","47"
"211","35","49"
"212","31","47"
"213","38","50"
"214","34","49"
"215","33","49"
"216","29","43"
"217","34","43"
"218","33","43"
"219","31","41"
"220","33","37"
"221","33","41"
"222","33","41"
"223","33","40"
"224","34","37"
"225","34","39"
"226","38","35"
"227","34","35"
"228","30","33"
"229","30","36"
"230","29","35"
"231","28","38"
"232","27","37"
"233","31","40"
"234","34","41"
"235","28","42"
"236","30","38"
"237","29","42"
"238","21","43"
"239","23","43"
"240","21","41"
"241","24","46"
"242","42","44"
"243","44","44"
"244","45","43"
"245","49","44"
"246","68","40"
"247","58","36"
"248","73","32"
"249","67","34"
"250","59","33"
"251","66","35"
"252","64","33"
"253","65","36"
"254","57","35"
"255","54","35"
"256","49","32"
"257","42","36"
"258","41","36"
"259","40","37"
"260","35","36"
"261","34","43"
"262","31","46"
"263","30","49"
"264","27","47"
"265","22","50"
"266","26","45"
"267","25","44"
"268","24","41"
"269","27","44"
"270","26","43"
"271","21","47"
"272","20","44"
"273","23","45"
"274","24","42"
"275","25","40"
"276","23","34"
"277","24","34"
"278","29","32"
"279","28","33"
"280","28","31"
"281","29","38"
"282","28","39"
"283","30","37"
"284","31","33"
"285","33","35"
"286","33","32"
"287","36","33"
"288","34","32"
"289","34","35"
"290","31","36"
"291","31","36"
"292","32","35"
"293","35","37"
"294","34","37"
"295","35","37"
"296","37","31"
"297","36","33"
"298","35","32"
"299","34","33"
"300","33","31"
"301","36","37"
"302","37","37"
"303","36","37"
"304","38","35"
"305","39","37"
"306","36","34"
"307","41","30"
"308","38","28"
"309","43","28"
"310","43","27"
"311","43","30"
"312","42","29"
"313","44","30"
"314","42","31"
"315","43","30"
"316","43","24"
"317","44","24"
"318","39","24"
"319","41","25"
"320","39","23"
"321","42","29"
"322","40","31"
"323","39","31"
"324","36","31"
"325","35","35"
"326","35","31"
"327","36","30"
"328","35","31"
"329","38","34"
"330","43","33"
"331","57","38"
"332","56","38"
"333","53","39"
"334","68","38"
"335","64","39"
"336","70","37"
"337","96","39"
"338","63","41"
"339","83","40"
"340","105","38"
"341","87","43"
"342","106","45"
"343","147","48"
"344","100","45"
"345","140","50"
"346","161","49"
"347","74","44"
"348","106","41"
"349","92","39"
"350","62","37"
"351","130","41"
"352","85","39"
"353","104","43"
"354","100","45"
"355","89","44"
"356","93","39"
"357","95","39"
"358","57","36"
"359","67","37"
"360","53","36"
"361","62","40"
"362","48","41"
"363","51","41"
"364","51","43"
"365","58","46"
"366","61","43"
"367","54","44"
"368","57","42"
"369","137","47"
"370","108","47"
"371","116","45"
"372","95","46"
"373","66","47"
"374","111","47"
"375","112","47"
"376","106","39"
"377","150","41"
"378","148","40"
"379","142","40"
"380","123","36"
"381","110","41"
"382","119","41"
"383","129","42"
"384","128","39"
"385","117","41"
"386","77","42"
"387","54","40"
"388","54","38"
"389","52","41"
"390","73","43"
"391","44","51"
"392","62","51"
"393","49","52"
"394","50","50"
"395","50","46"
"396","60","41"
"397","51","39"
"398","56","37"
"399","55","39"
"400","84","37"
"401","73","43"
"402","85","45"
"403","181","44"
"404","85","43"
"405","164","44"
"406","112","40"
"407","90","39"
"408","164","39"
"409","116","43"
"410","91","43"
"411","99","46"
"412","161","44"
"413","159","45"
"414","150","44"
"415","206","43"
"416","191","36"
"417","282","38"
"418","121","35"
"419","89","32"
"420","171","29"
"421","177","35"
"422","75","36"
"423","78","38"
"424","80","39"
"425","81","43"
"426","87","37"
"427","104","37"
"428","108","34"
"429","100","36"
"430","77","38"
"431","54","42"
"432","61","39"
"433","66","41"
"434","70","41"
"435","67","41"
"436","94","35"
"437","119","35"
"438","110","33"
"439","134","32"
"440","164","31"
"441","199","34"
"442","148","34"
"443","171","34"
"444","203","32"
"445","182","37"
"446","225","37"
"447","186","41"
"448","147","42"
"449","270","45"
"450","199","48"
"451","103","49"
"452","242","47"
"453","244","51"
"454","107","49"
"455","312","51"
"456","266","48"
"457","197","46"
"458","174","45"
"459","104","42"
"460","175","39"
"461","92","43"
"462","107","42"
"463","119","42"
"464","107","39"
"465","125","41"
"466","121","41"
"467","120","38"
"468","119","38"
"469","100","44"
"470","191","46"
"471","132","50"
"472","188","54"
"473","256","57"
"474","188","57"
"475","258","56"
"476","214","50"
"477","196","48"
"478","150","49"
"479","98","50"
"480","108","48"
"481","153","46"
"482","163","45"
"483","239","44"
"484","376","43"
"485","254","46"
"486","375","45"
"487","329","43"
"488","154","43"
"489","335","47"
"490","312","47"
"491","129","49"
"492","161","49"
"493","312","48"
"494","220","46"
"495","179","48"
"496","187","45"
"497","127","49"
"498","232","47"
"499","160","48"
"500","196","44"
"501","238","47"
"502","220","47"
"503","134","47"
"504","100","45"
"505","212","48"
"506","91","44"
"507","64","44"
"508","72","41"
"509","70","46"
"510","55","45"
"511","57","47"
"512","58","45"
"513","61","48"
"514","69","48"
"515","64","48"
"516","76","44"
"517","74","45"
"518","58","45"
"519","54","47"
"520","49","44"
"521","52","47"
"522","48","44"
"523","52","42"
"524","55","39"
"525","58","39"
"526","56","34"
"527","64","32"
"528","64","29"
"529","61","32"
"530","61","29"
"531","60","31"
"532","65","29"
"533","63","30"
"534","64","29"
"535","68","28"
"536","62","25"
"537","59","29"
"538","53","30"
"539","49","32"
"540","47","31"
"541","43","37"
"542","38","36"
"543","37","38"
"544","39","34"
"545","40","37"
"546","39","33"
"547","43","29"
"548","44","27"
"549","50","29"
"550","51","28"
"551","59","27"
"552","57","25"
"553","68","24"
"554","76","22"
"555","78","18"
"556","87","11"
"557","95","10"
"558","96","9"
"559","89","10"
"560","89","9"
"561","101","12"
"562","97","13"
"563","95","14"
"564","91","12"
"565","94","14"
"566","90","13"
"567","89","13"
"568","84","13"
"569","82","16"
"570","85","16"
"571","82","18"
"572","77","18"
"573","82","17"
"574","83","15"
"575","86","14"
"576","80","13"
"577","86","14"
"578","79","13"
"579","74","14"
"580","74","14"
"581","73","20"
"582","72","21"
"583","68","22"
"584","62","22"
"585","55","27"
"586","46","28"
"587","41","29"
"588","35","31"
"589","36","33"
"590","34","33"
"591","34","36"
"592","29","38"
"593","29","41"
"594","29","39"
"595","31","38"
"596","31","32"
"597","33","31"
"598","32","31"
"599","33","30"
"600","33","27"
"601","38","34"
"602","39","33"
"603","42","31"
"604","44","28"
"605","46","30"
"606","45","27"
"607","47","25"
"608","42","25"
"609","43","29"
"610","40","30"
"611","39","32"
"612","38","32"
"613","39","34"
"614","44","34"
"615","41","35"
"616","40","32"
"617","44","33"
"618","43","34"
"619","45","33"
"620","44","31"
"621","51","34"
"622","52","35"
"623","53","35"
"624","57","31"
"625","61","32"
"626","63","28"
"627","64","25"
"628","65","23"
"629","65","25"
"630","65","25"
"631","67","28"
"632","66","29"
"633","67","31"
"634","65","30"
"635","66","30"
"636","60","28"
"637","55","32"
"638","52","32"
"639","48","33"
"640","46","32"
"641","46","33"
"642","44","34"
"643","45","34"
"644","42","33"
"645","41","38"
"646","40","36"
"647","40","35"
"648","38","32"
"649","38","36"
"650","39","35"
"651","39","38"
"652","39","34"
"653","38","37"
"654","39","34"
"655","39","34"
"656","37","29"
"657","41","29"
"658","42","27"
"659","44","27"
"660","43","24"
"661","56","23"
"662","55","24"
"663","55","25"
"664","51","23"
"665","53","25"
"666","53","23"
"667","50","23"
"668","50","21"
"669","48","25"
"670","47","26"
"671","52","30"
"672","51","33"
"673","53","38"
"674","55","38"
"675","59","36"
"676","53","36"
"677","56","37"
"678","55","36"
"679","56","37"
"680","52","37"
"681","53","41"
"682","52","42"
"683","56","42"
"684","52","39"
"685","53","39"
"686","48","37"
"687","50","36"
"688","48","33"
"689","47","36"
"690","45","35"
"691","46","34"
"692","44","32"
"693","44","36"
"694","45","34"
"695","44","35"
"696","46","29"
"697","44","34"
"698","47","30"
"699","48","28"
"700","44","27"
"701","48","30"
"702","45","32"
"703","47","32"
"704","47","28"
"705","49","29"
"706","46","27"
"707","46","25"
"708","45","24"
"709","47","24"
"710","41","25"
"711","42","26"
"712","40","25"
"713","40","30"
"714","38","31"
"715","38","33"
"716","35","32"
"717","34","34"
"718","32","35"
"719","30","38"
"720","26","36"
"721","26","43"
"722","23","47"
"723","22","46"
"724","18","46"
"725","19","47"
"726","17","45"
"727","16","45"
"728","18","41"
"729","18","45"
"730","16","46"
"731","18","49"
"732","18","47"
"733","19","49"
"734","19","47"
"735","19","48"
"736","17","44"
"737","18","45"
"738","18","45"
"739","18","45"
"740","18","42"
"741","21","46"
"742","21","45"
"743","24","45"
"744","23","43"
"745","25","45"
"746","27","40"
"747","27","39"
"748","26","37"
"749","27","39"
"750","27","37"
"751","26","38"
"752","24","38"
"753","23","43"
"754","21","44"
"755","22","43"
"756","22","38"
"757","23","40"
"758","21","41"
"759","23","41"
"760","23","39"
"761","26","44"
"762","26","42"
"763","28","40"
"764","27","38"
"765","30","39"
"766","29","36"
"767","30","35"
"768","32","30"
"769","35","32"
"770","39","29"
"771","41","32"
"772","42","29"
"773","44","30"
"774","44","29"
"775","46","28"
"776","46","22"
"777","50","22"
"778","49","22"
"779","48","19"
"780","45","18"
"781","48","22"
"782","51","23"
"783","52","23"
"784","51","22"
"785","60","22"
"786","59","19"
"787","60","17"
"788","59","15"
"789","64","15"
"790","66","15"
"791","68","18"
"792","65","18"
"793","67","20"
"794","69","20"
"795","68","22"
"796","67","18"
"797","65","22"
"798","66","22"
"799","68","22"
"800","64","20"
"801","63","22"
"802","67","23"
"803","65","23"
"804","61","23"
"805","69","23"
"806","67","21"
"807","72","19"
"808","75","17"
"809","83","18"
"810","86","17"
"811","93","15"
"812","97","12"
"813","106","12"
"814","111","12"
"815","116","10"
"816","117","10"
"817","117","13"
"818","115","13"
"819","119","12"
"820","108","13"
"821","105","18"
"822","103","20"
"823","101","22"
"824","89","22"
"825","85","27"
"826","72","29"
"827","66","29"
"828","54","29"
"829","52","33"
"830","51","33"
"831","49","33"
"832","43","32"
"833","43","35"
"834","38","35"
"835","37","33"
"836","34","28"
"837","36","29"
"838","36","28"
"839","34","30"
"840","32","27"
"841","33","34"
"842","32","35"
"843","33","33"
"844","33","31"
"845","33","34"
"846","31","37"
"847","30","38"
"848","30","36"
"849","30","39"
"850","29","40"
"851","29","42"
"852","27","41"
"853","27","44"
"854","26","44"
"855","27","45"
"856","25","40"
"857","24","43"
"858","24","43"
"859","23","44"
"860","21","42"
"861","23","47"
"862","24","46"
"863","24","47"
"864","22","47"
"865","24","50"
"866","24","45"
"867","24","44"
"868","24","41"
"869","27","42"
"870","27","41"
"871","27","46"
"872","26","46"
"873","26","49"
"874","25","48"
"875","24","48"
"876","21","43"
"877","21","44"
"878","22","42"
"879","22","43"
"880","21","42"
"881","23","49"
"882","23","50"
"883","24","49"
"884","22","48"
"885","22","51"
"886","20","50"
"887","19","50"
"888","20","49"
"889","22","51"
"890","20","51"
"891","20","53"
"892","21","49"
"893","23","52"
"894","25","51"
"895","27","51"
"896","27","43"
"897","30","44"
"898","32","41"
"899","34","39"
"900","34","36"
"901","37","41"
"902","36","41"
"903","37","39"
"904","36","38"
"905","36","41"
"906","36","37"
"907","38","37"
"908","36","35"
"909","37","39"
"910","35","37"
"911","36","43"
"912","35","41"
"913","32","43"
"914","31","41"
"915","30","42"
"916","30","35"
"917","30","38"
"918","29","37"
"919","29","37"
"920","31","34"
"921","34","38"
"922","32","37"
"923","34","35"
"924","32","33"
"925","34","35"
"926","35","30"
"927","36","29"
"928","36","30"
"929","38","33"
"930","40","29"
"931","40","32"
"932","41","30"
"933","39","34"
"934","39","33"
"935","38","35"
"936","35","32"
"937","36","33"
"938","33","35"
"939","35","35"
"940","34","33"
"941","35","36"
"942","32","38"
"943","33","39"
"944","31","38"
"945","31","41"
"946","27","40"
"947","28","38"
"948","27","36"
"949","27","39"
"950","28","38"
"951","28","41"
"952","25","42"
"953","29","43"
"954","30","41"
"955","32","39"
"956","33","32"
"957","34","33"
"958","34","32"
"959","35","33"
"960","34","32"
"961","34","38"
"962","32","39"
"963","33","39"
"964","33","36"
"965","31","40"
"966","30","37"
"967","31","36"
"968","30","34"
"969","28","40"
"970","25","41"
"971","26","43"
"972","26","40"
"973","27","43"
"974","26","42"
"975","26","43"
"976","26","39"
"977","28","41"
"978","29","40"
"979","31","38"
"980","32","36"
"981","34","41"
"982","35","42"
"983","36","42"
"984","38","38"
"985","39","41"
"986","36","37"
"987","35","37"
"988","35","36"
"989","34","38"
"990","33","37"
"991","34","39"
"992","33","38"
"993","33","41"
"994","32","42"
"995","33","42"
"996","29","37"
"997","31","36"
"998","29","36"
"999","30","37"
"1000","29","35"
"1001","29","42"
"1002","30","43"
"1003","30","41"
"1004","28","40"
"1005","29","42"
"1006","30","38"
"1007","28","39"
"1008","26","37"
"1009","28","41"
"1010","27","41"
"1011","28","43"
"1012","27","41"
"1013","30","42"
"1014","29","41"
"1015","28","43"
"1016","28","37"
"1017","29","38"
"1018","28","38"
"1019","32","36"
"1020","31","33"
"1021","31","39"
"1022","29","40"
"1023","30","41"
"1024","28","40"
"1025","28","44"
"1026","25","42"
"1027","25","43"
"1028","23","41"
"1029","20","45"
"1030","20","44"
"1031","20","47"
"1032","18","48"
"1033","17","53"
"1034","16","53"
"1035","17","53"
"1036","18","46"
"1037","19","48"
"1038","20","46"
"1039","21","45"
"1040","21","42"
"1041","23","48"
"1042","26","45"
"1043","26","45"
"1044","27","41"
"1045","27","43"
"1046","26","40"
"1047","24","40"
"1048","25","36"
"1049","25","40"
"1050","25","39"
"1051","26","43"
"1052","26","41"
"1053","27","44"
"1054","26","44"
"1055","25","46"
"1056","25","40"
"1057","23","46"
"1058","22","46"
"1059","20","46"
"1060","17","44"
"1061","16","51"
"1062","15","53"
"1063","15","54"
"1064","15","51"
"1065","18","51"
"1066","19","46"
"1067","19","46"
"1068","19","44"
"1069","19","47"
"1070","19","46"
"1071","19","48"
"1072","20","45"
"1073","21","48"
"1074","21","47"
"1075","21","47"
"1076","22","41"
"1077","22","38"
"1078","22","36"
"1079","25","35"
"1080","24","36"
"1081","26","41"
"1082","26","41"
"1083","25","43"
"1084","25","40"
"1085","25","42"
"1086","23","39"
"1087","20","40"
"1088","20","36"
"1089","21","41"
"1090","20","39"
"1091","20","42"
"1092","21","43"
"1093","24","46"
"1094","24","47"
"1095","24","47"
"1096","21","42"
"1097","21","45"
"1098","21","44"
"1099","24","43"
"1100","24","40"
"1101","29","41"
"1102","29","41"
"1103","30","41"
"1104","29","37"
"1105","30","40"
"1106","33","33"
"1107","35","32"
"1108","35","28"
"1109","35","31"
"1110","35","30"
"1111","37","33"
"1112","35","31"
"1113","35","34"
"1114","36","33"
"1115","36","32"
"1116","34","28"
"1117","35","29"
"1118","34","28"
"1119","32","30"
"1120","30","28"
"1121","32","34"
"1122","30","36"
"1123","31","36"
"1124","29","35"
"1125","30","37"
"1126","26","35"
"1127","25","35"
"1128","23","34"
"1129","22","38"
"1130","21","38"
"1131","20","44"
"1132","19","43"
"1133","23","44"
"1134","26","43"
"1135","30","43"
"1136","31","38"
"1137","35","39"
"1138","38","38"
"1139","41","36"
"1140","45","34"
"1141","50","36"
"1142","54","35"
"1143","58","34"
"1144","63","31"
"1145","74","30"
"1146","77","25"
"1147","84","23"
"1148","86","21"
"1149","90","21"
"1150","90","20"
"1151","93","21"
"1152","91","20"
"1153","94","22"
"1154","93","22"
"1155","98","21"
"1156","97","18"
"1157","87","20"
"1158","85","20"
"1159","85","21"
"1160","76","21"
"1161","77","26"
"1162","76","25"
"1163","76","26"
"1164","70","25"
"1165","68","26"
"1166","64","22"
"1167","64","21"
"1168","60","20"
"1169","61","22"
"1170","59","22"
"1171","55","24"
"1172","53","22"
"1173","51","24"
"1174","51","24"
"1175","51","25"
"1176","49","22"
"1177","50","25"
"1178","46","25"
"1179","50","24"
"1180","46","23"
"1181","49","25"
"1182","50","24"
"1183","52","23"
"1184","52","21"
"1185","53","23"
"1186","51","20"
"1187","50","19"
"1188","50","17"
"1189","52","18"
"1190","50","19"
"1191","50","24"
"1192","48","23"
"1193","50","26"
"1194","48","26"
"1195","48","25"
"1196","43","22"
"1197","41","27"
"1198","39","28"
"1199","37","30"
"1200","34","30"
"1201","36","35"
"1202","33","36"
"1203","33","35"
"1204","30","35"
"1205","31","39"
"1206","31","35"
"1207","31","35"
"1208","28","35"
"1209","27","39"
"1210","25","40"
"1211","26","42"
"1212","25","41"
"1213","23","44"
"1214","21","43"
"1215","21","44"
"1216","20","40"
"1217","20","43"
"1218","20","42"
"1219","21","41"
"1220","20","38"
"1221","19","44"
"1222","17","47"
"1223","18","47"
"1224","17","44"
"1225","19","47"
"1226","17","45"
"1227","17","44"
"1228","16","42"
"1229","17","45"
"1230","17","45"
"1231","17","49"
"1232","16","49"
"1233","16","53"
"1234","14","52"
"1235","15","52"
"1236","15","46"
"1237","17","46"
"1238","20","44"
"1239","21","43"
"1240","19","40"
"1241","20","45"
"1242","18","46"
"1243","20","43"
"1244","20","39"
"1245","23","39"
"1246","24","35"
"1247","28","34"
"1248","30","30"
"1249","35","31"
"1250","37","28"
"1251","40","28"
"1252","43","25"
"1253","48","25"
"1254","50","23"
"1255","51","23"
"1256","53","16"
"1257","56","17"
"1258","56","16"
"1259","60","17"
"1260","60","14"
"1261","61","15"
"1262","61","16"
"1263","59","15"
"1264","53","15"
"1265","50","14"
"1266","45","13"
"1267","42","10"
"1268","35","10"
"1269","32","9"
"1270","28","9"
"1271","24","8"
"1272","17","6"
"1273","14","6"
